Date,rank,title,search,summary,source,link
22/11/2018,1,North Sentinel Island,500K+,"American missionary, adventurer killed by tribe members on restricted and ...",USA TODAY | 18h ago,https://www.usatoday.com/story/news/world/2018/11/21/american-believed-killed-isolated-tribe-north-sentinel-island-india/2076608002/
22/11/2018,2,LFO,200K+,LFO Singer Devin Lima Dies at 41,Variety | 11h ago,https://variety.com/2018/music/news/devin-lima-dead-dies-lfo-1203034421/
22/11/2018,3,Happy Thanksgiving,200K+,"'Happy Thanksgiving,' Netanyahu wishes Americans in video",The Times of Israel | 5h ago,https://www.timesofisrael.com/happy-thanksgiving-netanyahu-wishes-americans-in-video/
22/11/2018,4,Square One,100K+,Colts Neck fire: Keith Caneiro brother Paul was first hire for fledgling tech ...,Asbury Park Press | 11h ago,https://www.app.com/story/news/crime/jersey-mayhem/2018/11/21/colts-neck-fire-keith-caneiro-and-brother-had-booming-tech-business/2077238002/
22/11/2018,5,Joyner Lucas,100K+,Hip-Hop Reacts to Tory Lanez and Joyner Lucas' Diss Tracks,XXLMAG.COM | 11h ago,http://www.xxlmag.com/news/2018/11/hip-hop-reacts-tory-lanez-joyner-lucas-diss-tracks/
22/11/2018,6,How to cook a turkey,100K+,How to cook a turkey: Elementary students share cooking tips on cooking up a ...,Hickory Daily Record | 17h ago,https://www.hickoryrecord.com/news/how-to-cook-a-turkey-elementary-students-share-cooking-tips/article_c89b1e78-ecec-11e8-a245-b7dbbace015a.html
22/11/2018,7,Tulsi Gabbard,100K+,Rep. Tulsi Gabbard eviscerates Trump as 'Saudi Arabia's bitch',NBCNews.com | 8h ago,https://www.nbcnews.com/politics/congress/rep-tulsi-gabbard-eviscerates-trump-saudi-arabia-s-bitch-n939011
22/11/2018,8,adenovirus,100K+,University of Maryland freshman dies from adenovirus-related illness,CNN | 15h ago,https://www.cnn.com/2018/11/21/health/university-of-maryland-death-adenovirus/index.html
22/11/2018,9,Aaron Rodgers,100K+,Aaron Rodgers donating $1 million for California wildfire victims,ESPN | 10h ago,http://www.espn.com/nfl/story/_/id/25340525/green-bay-packers-aaron-rodgers-donate-1-million-victims-california-wildfires
22/11/2018,10,Sarah Michelle Gellar,50K+,Sarah Michelle Gellar apologizes for Thanksgiving lingerie post,CNN | 11h ago,https://www.cnn.com/2018/11/21/entertainment/sarah-michelle-gellar-post/index.html
22/11/2018,11,Macy's Thanksgiving Day Parade,50K+,Teen in wheelchair marches in Macy's Thanksgiving Day Parade with a little ...,NBCNews.com | 5h ago,https://www.nbcnews.com/nightly-news/teen-wheelchair-marches-macy-s-thanksgiving-day-parade-little-help-n938446
22/11/2018,12,Cheesecake Recipe,50K+,Pumpkin Crème Brûlée Cheesecake Bars,Delish.com | 9h ago,https://www.delish.com/cooking/recipe-ideas/a25132575/pumpkin-creme-brulee-cheesecake-bars-recipe/
22/11/2018,13,Apple Pie,50K+,Farmer's Table: Apple Custard Pie,Charleston Gazette-Mail | 14h ago,https://www.wvgazettemail.com/metrokanawha/farmer-s-table-apple-custard-pie/article_70c834fa-20b9-5d1a-9740-5883373232d0.html
22/11/2018,14,liquor Store,50K+,"Wegmans, affiliates to pay $1.1M in fines for illegally operating liquor stores",Buffalo News | 4h ago,https://buffalonews.com/2018/11/21/wegmans-to-pay-1-1-million-in-fines-for-illegally-operating-liquor-stores/
22/11/2018,15,Gwen Stefani,50K+,Power couple Gwen Stefani and Blake Shelton release holiday music video together,ABC News | 9h ago,https://abcnews.go.com/GMA/Culture/power-couple-gwen-stefani-blake-shelton-release-holiday/story?id=59339494
22/11/2018,16,The Front Runner,50K+,Where's Donna Rice In 2018? 'The Front Runner' Shows How Her Life Was Upended ...,Bustle | 5h ago,https://www.bustle.com/p/wheres-donna-rice-in-2018-the-front-runner-shows-how-her-life-was-upended-by-political-scandal-13135920
22/11/2018,17,green bean casserole Recipe,50K+,Make this green bean casserole ahead of the party and relax,Uniontown Herald Standard | 19h ago,https://www.heraldstandard.com/food/make-this-green-bean-casserole-ahead-of-the-party-and/article_5a2f34f0-8e33-5ae7-af12-003b0ff927c8.html
22/11/2018,18,Pusha T,50K+,Brawl at Pusha T Concert Leaves One Man in Critical Condition After Being ...,PEOPLE.com | 10h ago,https://people.com/music/pusha-t-toronto-concert-brawl/
22/11/2018,19,Aus vs Ind,50K+,"India vs Australia, 1st T20I at Brisbane Highlights - As It Happened",News18 | 14h ago,https://www.news18.com/cricketnext/news/india-vs-australia-1st-t20i-at-brisbane-highlights-as-it-happened-1945087.html
22/11/2018,20,pie Crust,50K+,Experts dish on perfect pie crusts,Virgin Islands Daily News | 20h ago,http://www.virginislandsdailynews.com/ap/experts-dish-on-perfect-pie-crusts/article_c8a67ef8-4914-52e7-9c60-92313137e24b.html
21/11/2018,1,Romaine Lettuce,2M+,Investigators Tracking Latest Romaine Lettuce Outbreak Are Feeling Some Deja Vu,NPR | 3h ago,https://www.npr.org/sections/thesalt/2018/11/21/670129616/romaine-lettuce-investigators-feeling-some-deja-vu
21/11/2018,2,Duke Basketball,500K+,College basketball rankings: No. 1 Duke looks for a third top-10 win Wednesday ...,CBSSports.com | 10h ago,https://www.cbssports.com/college-basketball/news/college-basketball-rankings-no-1-duke-looks-for-a-third-top-10-win-wednesday-when-it-battles-gonzaga/
21/11/2018,3,Ralph Breaks the Internet,200K+,'Ralph Breaks the Internet' to Stuff Box Office Competition With $80 Million-Plus,Variety | 4h ago,https://variety.com/2018/film/news/ralph-breaks-the-internet-thanksgiving-box-office-beating-competition-1203034921/
21/11/2018,4,lettuce recall,200K+,Missing romaine lettuce amid the CDC recall? Try these 5 delicious salad greens,Today Show | 4h ago,https://www.today.com/food/cdc-romaine-lettuce-recall-5-types-lettuce-are-safe-eat-t143251
21/11/2018,5,Mexico vs Argentina,200K+,"Argentina volvió a superar a México, gracias a Icardi y Dybala",ESPN Deportes | 1d ago,http://espndeportes.espn.com/futbol/reporte?juegoId=527646
21/11/2018,6,Grace Hightower,200K+,Robert De Niro and Grace Hightower separate,CNN | 9h ago,https://www.cnn.com/2018/11/21/entertainment/robert-de-niro-wife-split/index.html
21/11/2018,7,Creed II,100K+,Creed II is no Creed. But it's a pretty good Rocky sequel.,Vox | 10h ago,https://www.vox.com/culture/2018/11/21/18104033/creed-ii-review-2-rocky-sequel-michael-b-jordan-sylvester-stallone
21/11/2018,8,JR Smith,100K+,Potential Trade Destinations for JR Smith,Sports Illustrated | 7h ago,https://www.si.com/nba/2018/11/21/jr-smith-cleveland-cavaliers-possible-trade-destinations
21/11/2018,9,Macys Black Friday,100K+,"Black Friday 2018: What time do Macy's, Walmart, Best Buy and other stores open?",Atlanta Journal Constitution | 11h ago,https://www.ajc.com/news/national/black-friday-2018-what-time-macy-walmart-best-buy-and-other-stores-open/MOaS7uMrNrljd81VsADwyO/
21/11/2018,10,Facebook down,100K+,Facebook down: Users report issues loading social network,Syracuse.com | 1d ago,https://www.syracuse.com/expo/news/erry-2018/11/b18d8a89f41618/facebook-down-users-report-iss.html
21/11/2018,11,Green Book,100K+,'Green Book' Offers By-The-Book Uplift,NPR | 5h ago,https://www.npr.org/2018/11/21/669234619/green-book-offers-by-the-book-uplift
21/11/2018,12,Adrian Beltre,100K+,"Intense and eccentric, no one had more fun than Adrian Beltre",ESPN | 1d ago,http://www.espn.com/mlb/story/_/id/25331626/intense-eccentric-had-more-fun-adrian-beltre
21/11/2018,13,Tiger vs Phil,50K+,"Tiger vs. Phil is a TV event, a gambling event and a head game all rolled into one",Golf.com | 6h ago,https://www.golf.com/tour-and-news/2018/11/21/tiger-vs-phil-the-match-gambling-game-head-game/
21/11/2018,14,Chris Zylka,50K+,Kathy Hilton Weighs in on Paris Hilton and Chris Zylka's Relationship Weeks ...,Us Weekly | 1d ago,https://www.usmagazine.com/celebrity-news/news/kathy-hilton-on-paris-hilton-chris-zylkas-relationship-before-split/
21/11/2018,15,6ix9ine Going to Jail,50K+,Tekashi 6ix9ine: What the latest charges could mean for the US rapper,BBC News | 1d ago,https://www.bbc.com/news/newsbeat-46278548
21/11/2018,16,Kemba Walker,50K+,Kemba Walker knows. Michael Jordan knows. But they both still need a second.,Charlotte Observer | 1d ago,https://www.charlotteobserver.com/sports/nba/charlotte-hornets/article221890265.html
21/11/2018,17,James Wiseman,50K+,Examining full state of UK recruiting after losing nation's top player,Courier Journal | 1d ago,https://www.courier-journal.com/story/sports/college/kentucky/2018/11/20/kentucky-basketball-recruiting-james-wiseman-picks-memphis/2049605002/
21/11/2018,18,Ellen Pompeo,50K+,Ellen Pompeo talks lack of diversity in Net-a-Porter interview,Today Show | 8h ago,https://www.today.com/style/ellen-pompeo-talks-lack-diversity-net-porter-interview-t143173
21/11/2018,19,Chrissy Teigen,50K+,"Chrissy Teigen Jokes John Legend Wrote ""All of Me"" About Her Feet",E! Online | 7h ago,https://www.eonline.com/news/989656/chrissy-teigen-jokes-john-legend-wrote-all-of-me-about-her-feet
21/11/2018,20,Fire & Blood,20K+,Fire & Blood: 6 Game of Thrones Easter Eggs from George RR Martin's New Book,Vanity Fair | 1d ago,https://www.vanityfair.com/hollywood/2018/11/fire-and-blood-spoilers-game-of-thrones-easter-eggs-daenerys-dragon-eggs-tyrion-targaryen
20/11/2018,1,Rams,2M+,Rams outlast Chiefs 54-51 in record Monday night showdown,Associated Press (press release) (blog) | 1d ago,https://www.apnews.com/068564c5fefd42dcbe3f90c5fb173355
20/11/2018,2,Racketeering,2M+,Tekashi 6ix9ine And The Meaning Of Racketeering,Forbes | 1d ago,https://www.forbes.com/sites/legalentertainment/2018/11/20/tekashi69-and-the-meaning-of-racketeering/
20/11/2018,3,Mercy Hospital Chicago,1M+,Gunman who went on rampage at Mercy Hospital had troubled history ...,Chicago Tribune | 1d ago,https://www.chicagotribune.com/news/local/breaking/ct-met-chicago-mercy-hospital-shooting-20181120-story.html
20/11/2018,4,Dancing With the Stars,500K+,Biggest upset in 'Dancing With the Stars' history? Bobby Bones wins in ...,Washington Post | 1d ago,https://www.washingtonpost.com/arts-entertainment/2018/11/20/biggest-upset-dancing-with-stars-history-bobby-bones-wins-shocking-finale/
20/11/2018,5,James Paxton,200K+,"Making sense of the Yankees' trade for Mariners ace James Paxton, and what's ...",CBSSports.com | 1d ago,https://www.cbssports.com/mlb/news/making-sense-of-the-yankees-trade-for-mariners-ace-james-paxton-and-whats-ahead-for-both-clubs/
20/11/2018,6,Chris Watts,200K+,"Community mourns victims of Watts killing: 'It's sad for Frederick, it's sad ...",The Coloradoan | 1d ago,https://www.coloradoan.com/story/news/2018/11/20/frederick-colorado-mourns-chris-watts-murder-victims/2055358002/
20/11/2018,7,Gymshark,200K+,"Gymshark, the affordable workout gear company of gym-goers everywhere, just ...",Business Insider | 2d ago,https://www.businessinsider.com/gymshark-black-friday-sale-2018-11
20/11/2018,8,Bitcoin Price,200K+,Floor Found? Bitcoin Price Bounces As Sell-Off Slows,Forbes | 1d ago,https://www.forbes.com/sites/billybambrough/2018/11/20/floor-found-bitcoin-price-bounces-as-sell-off-slows/
20/11/2018,9,Once Upon a Deadpool,200K+,"'Once Upon a Deadpool' Leans Hard on a Nickelback Joke, Makes Light of ...",Fatherly | 2d ago,https://www.fatherly.com/news/once-upon-a-deadpool-makes-fun-of-pg-13-nickleback-and-unemployment/
20/11/2018,11,Mareli Miniutti,200K+,"Michael Avenatti accuser Mareli Miniutti says he dragged her, left her with ...",NBCNews.com | 1d ago,https://www.nbcnews.com/news/us-news/michael-avenatti-accuser-says-he-dragged-her-left-her-marks-n938656
20/11/2018,12,Robin Hood,100K+,'Robin Hood' reboot is an unworthy bloody knockoff,New York Post | 2d ago,https://nypost.com/2018/11/19/robin-hood-reboot-is-an-unworthy-bloody-knockoff/
20/11/2018,13,Ivanka Trump,100K+,Congress to probe Ivanka Trump's private email use in WH,Washington Post | 1d ago,https://www.washingtonpost.com/politics/congress/congress-to-probe-ivanka-trumps-private-email-use-in-wh/2018/11/20/b7718d82-ed26-11e8-8b47-bd0975fd6199_story.html
20/11/2018,14,Turkey,100K+,Turkey seeks extradition of exiled cleric from US,Cleveland 19 News | 1d ago,https://www.cleveland19.com/2018/11/20/pompeo-cites-positive-momentum-us-turkey-ties/
20/11/2018,15,Kelsea Ballerini,100K+,"Country singer, Knoxville-native Kelsea Ballerini helps to honor wildfire victims",WATE 6 On Your Side | 1d ago,https://www.wate.com/news/national-world/tennessee-country-pop-singer-kelsea-ballerini-performs-at-ramschiefs-halftime-show/1607993756
20/11/2018,16,Mark Sanchez,100K+,Redskins sign Mark Sanchez to back up quarterback Colt McCoy,Washington Post | 2d ago,https://www.washingtonpost.com/sports/2018/11/19/redskins-sign-veteran-quarterback-mark-sanchez/
20/11/2018,17,Tyreek Hill,100K+,Kansas City's Tyreek Hill is the NFL's Mr. Excitement,Touchdown Wire | 1d ago,https://touchdownwire.usatoday.com/2018/11/20/kansas-citys-tyreek-hill-is-the-nfls-mr-excitement/
20/11/2018,18,Alex Smith Injuries,100K+,Alex Smith's injury is especially painful for those who know him best,Washington Post | 2d ago,https://www.washingtonpost.com/sports/redskins/alex-smiths-injury-is-especially-painful-for-those-who-know-him-best/2018/11/19/39af152c-ec18-11e8-96d4-0d23f2aaad09_story.html
20/11/2018,19,Best Buy Black Friday ads 2018,100K+,"Black Friday ads 2018: Amazon, Walmart, Best Buy, Target and more reveal their ...",CNET | 3d ago,https://www.cnet.com/news/black-friday-ads-2018-the-full-ad-scans-deals-amazon-walmart-best-buy-target-newegg-kohls-gamestop-office-depot/
20/11/2018,20,Jcpenney Black Friday,100K+,These are the stores with the best Black Friday discounts,Business Insider | 2d ago,https://www.businessinsider.com/best-black-friday-discounts-store-ranked-2018-11
19/11/2018,1,Alex Smith,2M+,The details on Alex Smith's gruesome injury are even worse than you expected,NBCSports.com | 1d ago,https://www.nbcsports.com/washington/redskins/details-alex-smiths-gruesome-injury-are-even-worse-you-expected
19/11/2018,2,Chicago Bears,1M+,"Bears, Matt Nagy have quick turnaround with Thursday day game",ESPN | 2d ago,http://www.espn.com/nfl/story/_/id/25324226/chicago-bears-forced-quickly-turn-focus-detroit-lions
19/11/2018,3,Dallas Cowboys,1M+,"Dallas Cowboys rookie star, defense keep rising headed into showdown with Redskins",Fort Worth Star Telegram | 3d ago,https://www.star-telegram.com/sports/nfl/dallas-cowboys/article221871085.html
19/11/2018,4,Steelers,1M+,'We can use this': Steelers get ultimate win-win in Jax,ESPN (blog) | 2d ago,http://www.espn.com/blog/afcnorth/post/_/id/95980/we-can-use-this-steelers-get-ultimate-win-win-in-jax
19/11/2018,5,Survivor Series 2018,500K+,"WWE Survivor Series 2018 Review: Raw Obliterated SmackDown Live 6-0, But So ...",Forbes | 2d ago,https://www.forbes.com/sites/alfredkonuwa/2018/11/19/wwe-survivor-series-2018-review-raw-obliterated-smackdown-live-6-0-but-so-what-this-ppv-was-great/
19/11/2018,6,Ravens,500K+,Ravens dispute video evidence that Yanda spit on Burfict,ESPN | 2d ago,http://www.espn.com/nfl/story/_/id/25320709/ravens-deny-marshal-yanda-spit-vontaze-burfict
19/11/2018,7,Giants,500K+,Takeaways From The Giants' 38-35 Win Over Tampa Bay,Forbes | 2d ago,https://www.forbes.com/sites/patriciatraina/2018/11/19/takeaways-from-the-giants-38-35-win-over-tampa-bay/
19/11/2018,8,Eagles vs Saints,200K+,"Saints vs. Eagles odds, line: Picks and predictions from proven expert who's ...",CBSSports.com | 3d ago,https://www.cbssports.com/nfl/news/saints-vs-eagles-odds-line-picks-and-predictions-from-proven-expert-whos-15-5-on-new-orleans-games/
19/11/2018,9,Broncos,200K+,Von Miller keeps Broncos' hopes alive with 'huge' effort,ESPN (blog) | 2d ago,http://www.espn.com/blog/nflnation/post/_/id/287642/von-miller-keeps-broncos-hopes-alive-with-huge-effort
19/11/2018,10,Panthers,200K+,Panthers' Vincent Trocheck taken off ice on stretcher with leg injury,ESPN | 1d ago,http://www.espn.com/nfl/story/_/id/25328141/vincent-trocheck-florida-panthers-taken-ice-stretcher
19/11/2018,11,Steve Carell,200K+,Steve Carell's 'Saturday Night Live' monologue turned into a mini 'Office' reunion,Washington Post | 3d ago,https://www.washingtonpost.com/arts-entertainment/2018/11/18/steve-carells-saturday-night-live-monologue-turned-into-mini-office-reunion/
19/11/2018,12,Condoleezza Rice,200K+,Source: Browns want to interview Condoleezza Rice for head-coaching job,ESPN | 3d ago,http://www.espn.com/nfl/story/_/id/25310452/cleveland-browns-want-interview-condoleezza-rice-head-coaching-job
19/11/2018,13,Washington State Football,100K+,Washington State Football: 5 takeaways from 69-28 win over Arizona,Emerald City Swagger | 3d ago,https://emeraldcityswagger.com/2018/11/18/washington-state-football-5-takeaways-69-28-win-arizona/
19/11/2018,14,Iowa State Football,100K+,Football: Texas physicality overwhelms Iowa State,Ames Tribune | 3d ago,http://www.amestrib.com/sports/20181118/football-texas-physicality-overwhelms-iowa-state
19/11/2018,15,Raiders vs Cardinals,100K+,"Raiders vs. Cardinals: 4 Winners, 4 Losers",Silver and Black Pride | 3d ago,https://www.silverandblackpride.com/2018/11/18/18101975/raiders-vs-cardinals-4-winners-4-losers
19/11/2018,16,Sophia Floersch,100K+,'No fear of paralysis' for Sophia Floersch after horror F3 crash,ESPN | 2d ago,http://www.espn.com/f1/story/_/id/25321180/no-fear-paralysis-sophia-floersch-horror-f3-crash
19/11/2018,17,Carolina Panthers,100K+,Notable bets: 'Square dog' Chiefs getting majority of MNF action,ESPN | 2d ago,http://www.espn.com/chalk/story/_/id/25320667/gambling-recap-bettors-lose-alabama-first-half-carolina-panthers-atlanta-falcons-vegas-books-another-good-weekend
19/11/2018,18,Tim Green,100K+,Tim Green talks ALS fight on 60 Minutes: 'Life can never be long enough',Syracuse.com | 2d ago,https://www.syracuse.com/orangefootball/index.ssf/2018/11/tim_green_talks_als_fight_on_60_minutes_life_can_never_be_long_enough.html
19/11/2018,19,Warriors vs Spurs,100K+,"Warriors vs. Spurs: Watch NBA online, live stream, TV channel, time, odds ...",CBSSports.com | 3d ago,https://www.cbssports.com/nba/news/warriors-vs-spurs-watch-nba-online-live-stream-tv-channel-time-odds-analysis-picks/
19/11/2018,20,Jonestown,50K+,"40 years later, Rep. Speier looks back on surviving Jonestown",PBS NewsHour | 2d ago,https://www.pbs.org/newshour/show/40-years-later-rep-speier-looks-back-on-surviving-jonestown
18/11/2018,1,Ohio State,500K+,Ohio State's 51-game streak as betting favorite on line vs. Michigan,ESPN | 3d ago,http://www.espn.com/chalk/story/_/id/25315975/ohio-state-buckeyes-+35-open-rare-underdogs-vs-michigan-wolverines
18/11/2018,2,Alabama,500K+,8 reasons The Citadel's first half against Alabama was incredible,SB Nation | 4d ago,https://www.sbnation.com/college-football/2018/11/17/18100151/alabama-citadel-first-half-score-updates
18/11/2018,3,UCF football,200K+,Josh Heupel on UCF's victory: 'This is big-time football',ESPN | 3d ago,http://www.espn.com/college-football/story/_/id/25309083/josh-heupel-says-ucf-showed-big-football-win-cincinnati
18/11/2018,4,Notre Dame,200K+,"With Poise and Pinstripes, Notre Dame Rolls Past Syracuse in the Bronx",New York Times | 4d ago,https://www.nytimes.com/2018/11/17/sports/notre-dame-syracuse-college-football.html
18/11/2018,5,Lakers vs Magic,200K+,Lakers vs Magic LIVE stream: How to watch LeBron James in NBA action online ...,Express.co.uk | 4d ago,https://www.express.co.uk/sport/othersport/1046812/Lakers-Magic-LIVE-stream-LeBron-James-NBA
18/11/2018,6,Kim Porter death,200K+,Kim Porter's Cause of Death Remains a Mystery as Her Death Certificate Is Released,PEOPLE.com | 2d ago,https://people.com/music/kim-porter-cause-of-death-deferred-death-certificate-released/
18/11/2018,7,Indiana vs Michigan,200K+,Michigan vs. Indiana score: No. 4 Wolverines survive to set up winner-take-all ...,CBSSports.com | 4d ago,https://www.cbssports.com/college-football/news/michigan-vs-indiana-score-no-4-wolverines-survive-to-set-up-winner-take-all-against-ohio-state/
18/11/2018,8,Syracuse football,100K+,Syracuse football drops in AP poll after blowout loss to Notre Dame,Syracuse.com | 3d ago,https://www.syracuse.com/orangefootball/index.ssf/2018/11/syracuse_football_drops_in_ap_poll.html
18/11/2018,9,Warriors vs Mavericks,100K+,"Warriors vs. Mavericks watch guide: Lineups, injury report, player usage",NBCSports.com | 4d ago,https://www.nbcsports.com/bayarea/warriors/warriors-vs-mavericks-watch-guide-lineups-injury-report-player-usage
18/11/2018,11,Wisconsin Badgers football,50K+,Grading Wisconsin's win vs. Purdue,Bucky's 5th Quarter | 3d ago,https://www.buckys5thquarter.com/2018/11/17/18100319/wisconsin-purdue-football-grades-2018-jonathan-taylor
18/11/2018,12,Southwest Airlines Flights,50K+,Southwest Airlines Adding New Cayman Islands Flights,Caribbean Journal | 3d ago,https://www.caribjournal.com/2018/11/18/southwest-airlines-adding-new-cayman-islands-flights/
18/11/2018,13,Bill Maher,50K+,Bill Maher Blames Stan Lee (and Comics) for Trump's Election. What an Idiot.,Daily Beast | 2d ago,https://www.thedailybeast.com/bill-maher-blamed-stan-lee-and-comics-for-trumps-election-what-an-idiot
18/11/2018,14,UAB football,50K+,Texas A&M football: 4 takeaways from dominant win over UAB,Gig 'Em Gazette | 3d ago,https://gigemgazette.com/2018/11/18/4-takeaways-dominant-win-uab/
18/11/2018,15,David Arquette,50K+,David Arquette Cut Badly And Left Bloody In LA Wrestling Death Match,Vulture | 4d ago,https://www.vulture.com/2018/11/david-arquette-cut-badly-and-left-bloody-in-wrestling-match.html
18/11/2018,16,Ella Mai,50K+,See Ella Mai Make 'SNL' Debut With Soulful Take on 'Boo'd Up',Rolling Stone | 3d ago,https://www.rollingstone.com/music/music-news/ella-mai-snl-debut-757928/
18/11/2018,17,Canada Goose Jacket,50K+,Canada Goose Is Turning the Dressing Room Into a Freezer,Fortune | 4d ago,http://fortune.com/2018/11/17/canada-goose-jacket/
18/11/2018,18,Amanda Knox,50K+,"Amanda Knox gets engaged to boyfriend after elaborate, alien-themed proposal",Today Show | 4d ago,https://www.today.com/news/amanda-knox-gets-engaged-boyfriend-after-elaborate-proposal-t142555
18/11/2018,19,Berkley Edwards,50K+,"Michigan football: Berkley Edwards carted off field, Braylon lashes out",Detroit Free Press | 4d ago,https://www.freep.com/story/sports/college/university-michigan/wolverines/2018/11/17/michigan-football-berkley-edwards-hurt-braylon-lashes-out/2043468002/
18/11/2018,20,USC vs UCLA,50K+,"USC vs. UCLA score, takeaways: Clay Helton's seat heats up after Trojans fall ...",CBSSports.com | 4d ago,https://www.cbssports.com/college-football/news/usc-vs-ucla-score-takeaways-clay-heltons-seat-heats-up-after-trojans-fall-to-the-bruins/
17/11/2018,2,The Ballad of Buster Scruggs,100K+,Review: 'The Ballad of Buster Scruggs' Is The Most Enjoyable Binge-Watching ...,Forbes | 4d ago,https://www.forbes.com/sites/danidiplacido/2018/11/17/review-the-ballad-of-buster-scruggs-is-the-most-enjoyable-binge-watching-experience-imaginable/
17/11/2018,3,Pokemon Let's Go,100K+,"How to sync Poke Ball Plus with Switch, get Mew & put Pokemon inside Poke Ball ...",Reno Gazette Journal | 5d ago,https://www.rgj.com/story/life/2018/11/16/how-pair-poke-ball-plus-switch-and-get-mew-pokemon-lets-go/2030504002/
17/11/2018,4,Ed Oliver,100K+,"Ed Oliver, Houston coach Major Applewhite issue statements regarding jacket ...",CBSSports.com | 5d ago,https://www.cbssports.com/college-football/news/ed-oliver-houston-coach-major-applewhite-issue-statements-regarding-jacket-altercation/
17/11/2018,5,William Goldman,100K+,'Who are those guys?' The artistry of William Goldman,CNN | 4d ago,https://www.cnn.com/2018/11/17/opinions/william-goldman-remembrance-seymour/index.html
17/11/2018,6,Vanessa Hudgens,100K+,Vanessa Hudgens Loves That The Princess Switch Has Parent Trap Vibes: 'It's a ...,PEOPLE.com | 4d ago,https://people.com/tv/vanessa-hudgens-princess-switch-parent-trap/
17/11/2018,7,Narcos Mexico,100K+,Narcos: Mexico narrator revealed: Who is that voice?,EW.com | 4d ago,https://ew.com/tv/2018/11/17/narcos-mexico-narrator/
17/11/2018,8,Hailey Baldwin,100K+,Justin Bieber y Hailey Baldwin confirman boda en Instagram,El Nuevo Dia.com | 3d ago,https://www.elnuevodia.com/entretenimiento/farandula/nota/justinbieberyhaileybaldwinconfirmanbodaeninstagram-2460576/
17/11/2018,9,Ezra Miller,100K+,All the times Ezra Miller's red carpet style brought us joy,Evening Standard | 4d ago,https://www.standard.co.uk/insider/style/ezra-miller-best-red-carpet-style-a3992671.html
17/11/2018,10,Ariana Grande haircut,100K+,Ariana Grande's ponytail is gone as she debuts shorter hairstyle,USA TODAY | 5d ago,https://www.usatoday.com/story/life/entertainthis/2018/11/16/ariana-grande-iconic-ponytail-debuts-shorter-hairstyle/2023614002/
17/11/2018,11,Bol Bol,100K+,"Oregon's Bol Bol scores 26 points vs. Syracuse, but says transition to college ...",OregonLive.com | 5d ago,https://www.oregonlive.com/ducks/index.ssf/2018/11/oregons_bol_bol_scores_26_poin.html
17/11/2018,12,Nvidia stock,100K+,Nvidia tumbles 19% after missing on revenue and guidance,CNBC | 5d ago,https://www.cnbc.com/2018/11/16/nvidia-stock-falls-on-revenue-and-guidance-miss.html
17/11/2018,13,Les Miles,50K+,Les Miles is a home-run hire for Kansas football and what ails the Jayhawks,Kansas City Star (blog) | 4d ago,https://www.kansascity.com/sports/spt-columns-blogs/sam-mellinger/article221830230.html
17/11/2018,14,A Private War,50K+,Documentary Review - 'A Private War' Underscores Risks Journalists Take,smallwarsjournal (blog) | 4d ago,http://smallwarsjournal.com/blog/documentary-review-private-war-underscores-risks-journalists-take
17/11/2018,15,Kiki Camarena,50K+,'Kiki' Camarena: el asesinato de un agente de la DEA que desató ...,MSN | 4d ago,https://www.msn.com/es-mx/noticias/mexico/kiki-camarena-el-asesinato-de-un-agente-de-la-dea-que-desat%C3%B3-una-guerra/ar-BBPN76K?li=AAggpOd
17/11/2018,16,Julian Assange,50K+,"Assange Is Secretly Charged in US, Prosecutors Mistakenly Reveal",New York Times | 5d ago,https://www.nytimes.com/2018/11/16/us/politics/julian-assange-indictment-wikileaks.html
17/11/2018,17,David Hockney,50K+,Will Gompertz reviews David Hockney's record-breaking Portrait of an Artist,BBC News | 5d ago,https://www.bbc.co.uk/news/entertainment-arts-46215476
17/11/2018,18,Eastbay,50K+,"Bay Area loses jobs, but South Bay, East Bay post employment gains in October",The Mercury News | 5d ago,https://www.mercurynews.com/2018/11/16/bay-area-loses-jobs-but-south-bay-east-bay-post-employment-gains-in-october/
17/11/2018,19,How to Get Away with A Murderer,50K+,How season 5 of How to Get Away with Murder is saving Nate's character,FanSided | 5d ago,https://fansided.com/2018/11/16/htgawm-season-5-nate-lahey-character-development/
17/11/2018,20,champs,50K+,"Newton North takes down Barnstable, repeats as D1 girls' volleyball champs",The Boston Globe | 4d ago,https://www.bostonglobe.com/sports/high-schools/2018/11/17/bourne-captures-division-crown/qz9fIsesdBQpRgdIELdfhL/story.html
16/11/2018,1,Kim Porter,2M+,A Timeline of Sean 'Diddy' Combs and Kim Porter's Relationship,PEOPLE.com | 5d ago,https://people.com/music/sean-diddy-combs-kim-porter-relationship-timeline/
16/11/2018,2,Packers,1M+,Packers unsure how long they'll be without Jimmy Graham,ESPN | 5d ago,http://www.espn.com/nfl/story/_/id/25295664/jimmy-graham-green-bay-packers-suffers-broken-thumb
16/11/2018,3,Roy Clark,500K+,Roy Clark Is Dead at 85; a Face of Country Music on 'Hee Haw',New York Times | 6d ago,https://www.nytimes.com/2018/11/15/obituaries/roy-clark-dead.html
16/11/2018,4,air quality Bay Area,500K+,7 places to escape the Bay Area's bad air quality this weekend,KGO-TV | 5d ago,https://abc7news.com/health/7-places-to-escape-the-bay-areas-bad-air-quality-this-weekend/4702307/
16/11/2018,5,Fantastic Beasts: The Crimes of Grindelwald,500K+,Fantastic Beasts: The Crimes of Grindelwald feels like a giant prologue for ...,Vox | 4d ago,https://www.vox.com/2018/11/16/18098967/fantastic-beasts-crimes-of-grindelwald-review
16/11/2018,6,Instant Family,200K+,'Instant Family' is more than its marketing,Washington Post | 5d ago,https://www.washingtonpost.com/express/2018/11/16/instant-family-is-more-than-its-marketing/
16/11/2018,7,Al b. Sure!,200K+,Al B. Sure! Pays Tribute to 'Forever My Lady' Kim Porter: See the Photo,Billboard | 5d ago,https://www.billboard.com/articles/news/8485542/al-b-sure-tribute-to-kim-porter-photo
16/11/2018,8,Fashion Nova,200K+,Why Cardi B (and every other celebrity on Instagram) loves Fashion Nova,Vox | 6d ago,https://www.vox.com/the-goods/2018/11/15/18097465/cardi-b-fashion-nova-instagram-influencers-clothing-collection
16/11/2018,9,Widows,200K+,The Surprising Empathy of 'Widows',Hollywood Reporter | 4d ago,https://www.hollywoodreporter.com/heat-vision/how-widows-rethinks-violence-movies-1161748
16/11/2018,10,Carmelo Anthony,200K+,Carmelo Anthony update: Warriors have no interest in signing 10-time All-Star ...,CBSSports.com | 5d ago,https://www.cbssports.com/nba/news/carmelo-anthony-update-warriors-have-no-interest-in-signing-10-time-all-star-report-says/
16/11/2018,11,School closings,200K+,"School closings and delays in the DC area for Friday, Nov. 16",Washington Post | 6d ago,https://www.washingtonpost.com/local/school-closings-and-delays-in-the-dc-area-for-friday-nov-16/2018/11/15/b850119e-e928-11e8-85cb-5d266381f5b4_story.html
16/11/2018,12,School closings Today,100K+,"School closings, delays for Friday, Nov. 16, 2018",WSLS 10 | 6d ago,https://www.wsls.com/news/virginia/southwest-virginia/school-closings-and-delays-for-friday-november-16-2018
16/11/2018,13,Iggy Azalea,100K+,Iggy Azalea Says She's Signed a $2.7 Million Deal,Variety | 5d ago,https://variety.com/2018/biz/news/iggy-azalea-says-shes-signed-a-2-7-million-deal-1203030526/
16/11/2018,14,air quality Sacramento,100K+,"See which Sacramento-area schools, colleges are closed Friday due to air quality",Sacramento Bee | 6d ago,https://www.sacbee.com/news/local/education/article221700665.html
16/11/2018,15,Warriors vs Rockets,100K+,"Warriors vs. Rockets score: Golden State blown out as Durant, Draymond share ...",CBSSports.com | 5d ago,https://www.cbssports.com/nba/news/warriors-vs-rockets-score-golden-state-blown-out-as-durant-draymond-share-court-for-first-time-since-altercation/
16/11/2018,16,Turkey Recall,100K+,Jennie-O recalls 91000 pounds of turkey products due to salmonella risk,Milwaukee Journal Sentinel | 4d ago,https://www.jsonline.com/story/money/2018/11/17/jennie-o-recalls-91-000-pounds-turkey-products-due-salmonella-risk/2037608002/
16/11/2018,17,Lil Peep,100K+,Lil Peep Fans Hold Worldwide Memorial Events on Anniversary of Death,Complex | 5d ago,https://www.complex.com/music/2018/11/lil-peep-fans-worldwide-memorial-events-anniversary-of-death
16/11/2018,18,Joe Perry,100K+,"Aerosmith's Joe Perry released from the hospital, is 'home and doing well'",USA TODAY | 5d ago,https://www.usatoday.com/story/life/music/2018/11/16/aerosmiths-joe-perry-released-hospital-home-and-doing-well/2027044002/
16/11/2018,19,hyperemesis,100K+,"Pregnant Amy Schumer has hyperemesis, extreme morning sickness, and women feel ...",Kansas City Star | 5d ago,https://www.kansascity.com/news/nation-world/article221760390.html
16/11/2018,20,Duke Energy,50K+,SPONSORED: Duke Energy teams up to shut down scammers and protect customers,WTSP.com | 5d ago,https://www.wtsp.com/article/news/sponsored-duke-energy-teams-up-to-shut-down-scammers-and-protect-customers/67-615226451
15/11/2018,1,Keith Urban,500K+,Keith Urban: 'California fire disaster brings back awful childhood memories',Music News | 6d ago,http://www.music-news.com/news/UK/117284/Keith-Urban-California-fire-disaster-brings-back-awful-childhood-memories
15/11/2018,2,Michael Avenatti,500K+,Michael Avenatti 'still considering' running for president after domestic ...,USA TODAY | 6d ago,https://www.usatoday.com/story/news/politics/2018/11/15/michael-avenatti-still-considering-run-president-after-domestic-violence-arrest/2019880002/
15/11/2018,3,LeBron James,200K+,"When will LeBron James surpass other legends, become greatest scorer of all-time?",USA TODAY | 6d ago,https://www.usatoday.com/story/sports/nba/lakers/2018/11/15/lebron-james-when-nba-great-become-greatest-scorer-ever/2009863002/
15/11/2018,4,Kewan Platt,200K+,Division III basketball player apologizes for brutal sucker punch,Washington Post | 1w ago,https://www.washingtonpost.com/sports/2018/11/14/division-iii-basketball-player-suspended-indefinitely-after-brutal-sucker-punch/
15/11/2018,5,Jeff Rohrer,100K+,Retired NFL Player Jeff Rohrer Opens Up About His 'Real Modern Family' After ...,PEOPLE.com | 5d ago,https://people.com/sports/jeff-rohrer-gay-joshua-ross-love-story-real-modern-family/
15/11/2018,6,Southern California wildfires,100K+,The Latest: Firefighter on California blaze struck by car,Pacifica Tribune | 6d ago,https://www.mercurynews.com/2018/11/15/the-latest-cool-weather-aids-fight-of-north-california-fire/
15/11/2018,7,76ers,100K+,"Carson Wentz, Eagles welcome Jimmy Butler to 76ers, say 'he's got the attitude ...",CBSSports.com | 6d ago,https://www.cbssports.com/nba/news/carson-wentz-eagles-welcome-jimmy-butler-to-76ers-say-hes-got-the-attitude-for-philly/
15/11/2018,8,Luke Combs,100K+,Luke Combs Sort of Credits Eric Church for His CMA New Artist of the Year Win,Taste of Country | 6d ago,http://tasteofcountry.com/luke-combs-new-artist-of-year-2018-cma-awards/
15/11/2018,9,Michigan basketball,100K+,Chase Winovich: 'Revenge Tour' extends to Michigan basketball,247Sports | 6d ago,https://247sports.com/Article/Michigan-football-Chase-Winovich-Wolverines-basketball-revenge-tour-villanova-124772029/
15/11/2018,10,Ricky Skaggs,100K+,Ricky Skaggs' CMA Awards Performance Becomes an All-Star Picking Contest,Taste of Country | 6d ago,http://tasteofcountry.com/ricky-skaggs-cma-awards-medley-performance/
15/11/2018,11,Bitcoin,100K+,"Bitcoin se hunde por debajo de 6.000 dólares, el nivel más bajo en ...",CNN | 5d ago,https://cnnespanol.cnn.com/2018/11/16/bitcoin-hunde-dolares-nivel-mas-bajo-mas-de-un-ano/
15/11/2018,12,offset,100K+,British Land offices provide creature comfort to offset retail woe,Financial Times | 1w ago,https://www.ft.com/content/53765d26-e817-11e8-8a85-04b8afea6ea3
15/11/2018,13,Jessie J,50K+,Jessie J tells crowd she is unable to have children,CNN | 6d ago,https://www.cnn.com/2018/11/15/entertainment/jessie-j-cant-have-kids-concert/index.html
15/11/2018,14,Katherine MacGregor,50K+,"Katherine MacGregor, Cruel Mother on 'Little House,' Dies at 93",New York Times | 6d ago,https://www.nytimes.com/2018/11/15/obituaries/katherine-macgregor-dead.html
15/11/2018,15,Migos,50K+,"Drake, Migos headline 3 shows at Atlanta's State Farm Arena this weekend",11Alive.com WXIA | 6d ago,https://www.11alive.com/article/news/entertainment-news/drake-migos-headline-3-shows-at-atlantas-state-farm-arena-this-weekend/85-9546feb6-8873-467e-b4d9-d75754f6a18b
15/11/2018,16,Pistol Annies,50K+,Pistol Annies Deliver Rollicking 'Got My Name Changed Back' Performance at ...,Billboard | 6d ago,https://www.billboard.com/articles/columns/country/8485087/pistol-annies-got-my-name-changed-back-2018-cma-awards
15/11/2018,17,Miranda Lambert,50K+,Miranda Lambert Slams Sexism in Music: 'I Had to Sing with Someone with a ...,PEOPLE.com | 1w ago,https://people.com/country/miranda-lambert-had-sing-with-man-to-get-number-one-hit/
15/11/2018,19,Garth Brooks,50K+,Garth Brooks Surprises Wife Trisha Yearwood With a Never-Before-Heard Song,countryliving.com | 6d ago,https://www.countryliving.com/life/entertainment/a25133860/garth-brooks-song-trisha-yearwood-cma-awards-2018/
15/11/2018,20,Monopoly for Millennials,50K+,'Monopoly for Millennials' reminds players that 'adulting is hard',USA TODAY | 1w ago,https://www.usatoday.com/story/money/2018/11/14/monopoly-millennials/2003129002/
14/11/2018,1,Jill Scott,500K+,Jill Scott Seduced The Mic At A Concert and Black Twitter Proceeded To Lose ...,Essence | 1w ago,https://www.essence.com/love-sex/jill-scott-seduced-microphone-sexy-performance/
14/11/2018,2,Draymond Green,500K+,Bob Myers: Draymond Green's actions 'rose to the level' of suspension,ESPN | 1w ago,http://www.espn.com/nba/story/_/id/25269250/draymond-green-golden-state-warriors-suspended-dust-up
14/11/2018,3,CMA Awards November 2018,500K+,"CMA Awards 2018: Keith Urban upsets, Chris Stapleton steamrolls",USA TODAY | 6d ago,https://www.usatoday.com/story/life/music/2018/11/14/cma-awards-keith-urban-upsets-chris-stapleton-steamrolls/2009231002/
14/11/2018,4,Mira Ricardel,500K+,First Lady Melania Trump has never met the security official she wants fired ...,USA TODAY | 1w ago,https://www.usatoday.com/story/news/politics/2018/11/13/melania-trump-seeks-firing-national-security-official-mira-ricardel/1991164002/
14/11/2018,5,Le'Veon Bell,500K+,Don't judge Le'Veon yet: How Bell could change old NFL thinking,ESPN | 1w ago,http://www.espn.com/nfl/story/_/id/25274465/judge-leveon-yet-how-bell-change-old-nfl-thinking
14/11/2018,6,Amazon HQ2,200K+,Helipads and airport lounges: The perks cities offered for Amazon's HQ2,NBCNews.com | 1w ago,https://www.nbcnews.com/tech/tech-news/helipads-airport-lounges-perks-cities-offered-amazon-s-hq2-n936446
14/11/2018,7,Game of Thrones,100K+,"'Game of Thrones' Season 8 release date, character comebacks and everything ...",Fox News | 1w ago,https://www.foxnews.com/entertainment/game-of-thrones-season-8-release-date-character-comebacks-and-everything-else-you-need
14/11/2018,8,Juul,100K+,Juul Suspends Selling Most E-Cigarette Flavors in Stores,New York Times | 1w ago,https://www.nytimes.com/2018/11/13/health/juul-ecigarettes-vaping-teenagers.html
14/11/2018,9,Losartan RECALL 2018,100K+,FDA recalls another blood pressure drug for possible cancer risk,USA TODAY | 1w ago,https://www.usatoday.com/story/money/nation-now/2018/11/13/fda-losartan-recall-cancer-risk-tied-blood-pressure-drug/1985858002/
14/11/2018,10,Backstreet Boys,100K+,"Tell me whyyy, Kanye West and Mark Zuckerberg sing Backstreet Boys karaoke ...",USA TODAY | 6d ago,https://www.usatoday.com/story/life/entertainthis/2018/11/14/kanye-west-and-mark-zuckerberg-sing-backstreet-boys-karaoke-together/2008761002/
14/11/2018,11,Fallout 76 review,100K+,Fallout 76 is online and lonelier than ever,Ars Technica | 6d ago,https://arstechnica.com/gaming/2018/11/fallout-76-launch-impressions-a-crowded-lonely-wasteland/
14/11/2018,12,Becky Lynch,100K+,Ronda Rousey Throws Shots at Becky Lynch Before Survivor Series,Complex | 1w ago,https://www.complex.com/sports/2018/11/ronda-rousey-shots-becky-lynch-survivor-series
14/11/2018,13,El Chapo,100K+,Witness at El Chapo Trial Gives Master Class on Sinaloa Cartel,New York Times | 1w ago,https://www.nytimes.com/2018/11/14/nyregion/el-chapo-trial-brooklyn.html
14/11/2018,14,Jim Acosta,100K+,"Trump lawyers, CNN square off in federal court in Jim Acosta case",Washington Post | 1w ago,https://www.washingtonpost.com/lifestyle/style/trump-lawyers-cnn-square-off-in-federal-court-in-jim-acosta-case/2018/11/14/16988874-e863-11e8-a939-9469f1166f9d_story.html
14/11/2018,16,2018 Election Results,50K+,Democrats' blue wave was much larger than early takes suggested,Vox | 1w ago,https://www.vox.com/policy-and-politics/2018/11/13/18082490/blue-wave
14/11/2018,17,Markelle Fultz,50K+,The latest blow to Markelle Fultz's psyche may be the 76ers' Jimmy Butler trade,Washington Post | 1w ago,https://www.washingtonpost.com/sports/2018/11/14/latest-blow-markelle-fultzs-psyche-may-be-ers-jimmy-butler-trade/
14/11/2018,18,Kane Brown,50K+,"Meet Kane Brown, The 30 Under 30 Star Modernizing Country",Forbes | 1w ago,https://www.forbes.com/sites/natalierobehmed/2018/11/14/meet-kane-brown-the-30-under-30-star-modernizing-country/
14/11/2018,19,Monica Lewinsky,50K+,Monica Lewinsky's docu-series opens old wounds for Bill Clinton rape accuser ...,Fox News | 1w ago,https://www.foxnews.com/entertainment/monica-lewinskys-docu-series-opens-old-wounds-for-bill-clinton-rape-accuser-juanita-broaddrick
14/11/2018,20,Act,50K+,"Remarks by President Trump on HR 5682, the FIRST STEP Act",Whitehouse.gov (press release) | 1w ago,https://www.whitehouse.gov/briefings-statements/remarks-president-trump-h-r-5682-first-step-act/
13/11/2018,1,Stan Lee,10M+,"Stan Lee, Marvel Comics' Real-Life Superhero, Dies at 95",Hollywood Reporter | 12h ago,https://www.hollywoodreporter.com/heat-vision/stan-lee-dead-marvel-comics-real-life-superhero-was-95-721450
13/11/2018,2,49ers,1M+,"49ers vs. Giants: Preview, prediction, how to watch, statistics to know for ...",CBSSports.com | 14h ago,https://www.cbssports.com/nfl/news/49ers-vs-giants-preview-prediction-how-to-watch-statistics-to-know-for-monday-night-football/
13/11/2018,3,Jaden Smith,500K+,"Jaden Smith Calls Tyler, the Creator His 'Boyfriend' During Camp Flog Gnaw Set ...",Billboard | 8h ago,https://www.billboard.com/articles/news/pride/8484584/jaden-smith-tyler-the-creator-boyfriend-camp-flog-gnaw-video
13/11/2018,4,Detective Pikachu,500K+,The internet's horrified with Detective Pikachu,The Verge | 11h ago,https://www.theverge.com/2018/11/12/18088374/detective-pikachu-trailer-movie-memes-ryan-reynolds
13/11/2018,5,Kyrsten Sinema,200K+,Democrat Kyrsten Sinema wins Arizona Senate race after nail-biter against ...,NBCNews.com | 5h ago,https://www.nbcnews.com/politics/politics-news/democrat-kyrsten-sinema-wins-arizona-senate-race-after-nail-biter-n935206
13/11/2018,6,Toy Story 4,200K+,'Toy Story 4' Trailer: Introducing Forky,New York Times | 15h ago,https://www.nytimes.com/2018/11/12/movies/toy-story-4-trailer.html
13/11/2018,7,Caris LeVert,200K+,Caris LeVert suffers gruesome ankle injury on block attempt for Brooklyn Nets,SB Nation | 4h ago,https://www.sbnation.com/nba/2018/11/12/18090218/caris-levert-injury-video-brooklyn-nets-vs-minnesota-timberwolves
13/11/2018,9,Michael B Jordan,100K+,Michael B. Jordan Will Be King,GQ Magazine | 17h ago,https://www.gq.com/story/michael-b-jordan-men-of-the-year-2018
13/11/2018,10,Jordy Nelson,100K+,RUMOR: Jordy Nelson Will Retire After Another Awful Raiders Loss,12up | 15h ago,https://www.12up.com/posts/6221044-rumor-jordy-nelson-will-retire-after-another-awful-raiders-loss
13/11/2018,11,Travis Scott,100K+,Travis Scott's Next Album Might Be a Broadway Musical,Rolling Stone | 7h ago,https://www.rollingstone.com/music/music-news/travis-scotts-next-album-might-be-a-broadway-musical-755030/
13/11/2018,12,Michelle Obama,100K+,"'Becoming' Michelle Obama: Even the queen's shoes hurt, and 5 more things we ...",USA TODAY | 10h ago,https://www.usatoday.com/story/life/books/2018/11/12/becoming-michelle-obama-even-queens-shoes-hurt-and-5-more-things-we-didnt-know/1978954002/
13/11/2018,13,Senate election Results,50K+,Kyrsten Sinema beats out Martha McSally for Flake's Arizona Senate seat,ABC15 Arizona | 6h ago,https://www.abc15.com/news/region-phoenix-metro/central-phoenix/kyrsten-sinema-wins-highly-contested-race-for-senate-over-martha-mcsally
13/11/2018,14,Baraboo High School,50K+,"Nazi salutes in Baraboo High School prom photo spark outrage online, district ...",Sauk Prairie Eagle | 15h ago,https://www.wiscnews.com/baraboonewsrepublic/news/local/update-nazi-salutes-in-group-photo-of-boys-from-baraboo/article_3224ea4a-7423-5fc1-b2ca-20159f7129e5.html
13/11/2018,15,The Voice,50K+,Meet the Wisconsin artist competing on tonight's episode of 'The Voice',Channel3000.com - WISC-TV3 | 6h ago,https://www.channel3000.com/news/meet-the-wisconsin-artist-who-will-be-competing-on-tonight-s-episode-of-the-voice-/860384045
13/11/2018,16,Pneumonia,50K+,Pneumonia is a neglected problem: it is now time to act,The Lancet | 22h ago,https://www.thelancet.com/journals/lanres/article/PIIS2213-2600(18)30470-3/fulltext
13/11/2018,17,Nathan Peterman,50K+,The Bills have ended their Nathan Peterman experiment,Washington Post | 4h ago,https://www.washingtonpost.com/sports/2018/11/13/bills-have-ended-their-nathan-peterman-experiment/
13/11/2018,18,Brandon Marshall,50K+,"New Orleans Saints sign Brandon Marshall, Sean Payton confirms",The Advocate | 14h ago,https://www.theadvocate.com/new_orleans/sports/saints/article_206fb52e-e684-11e8-a231-8ff5a9c2bb7e.html
13/11/2018,19,Jemel Roberson,50K+,'They basically saw a black man with a gun:' Police kill armed guard after ...,Washington Post | 10h ago,http://www.washingtonpost.com/nation/2018/11/12/they-basically-saw-black-man-with-gun-police-kill-armed-guard-after-responding-call/
13/11/2018,20,Vanessa Marcil,50K+,Brian Austin Green's Ex Vanessa Marcil Claims He's Cut His Oldest Son Out of ...,Entertainment Tonight | 7h ago,https://www.etonline.com/brian-austin-greens-ex-vanessa-marcil-claims-hes-cut-his-oldest-son-out-of-his-life-113592
12/11/2018,1,Veterans Day,2M+,Veterans Day 2018: What's open and closed on Monday after the federal holiday,USA TODAY | 16h ago,https://www.usatoday.com/story/news/nation-now/2018/11/12/veterans-day-2018-whats-closed-monday-federal-holiday/1974664002/
12/11/2018,3,Patriots,1M+,Ex-Patriots RB Dion Lewis rips former team as 'cheap' after Titans' win,USA TODAY | 1d ago,https://www.usatoday.com/story/sports/nfl/titans/2018/11/11/new-england-patriots-tennessee-titans-dion-lewis/1970711002/
12/11/2018,4,California Wildfires,500K+,California Wildfires Updates: 42 Deaths Make Camp Fire Deadliest in State History,New York Times | 14h ago,https://www.nytimes.com/2018/11/12/us/california-fires-camp-fire.html
12/11/2018,5,Veterans Day Free Meals 2018,200K+,"Veterans Day Free Meals 2018: Freebies, Deals for Those Who Have Served, Are ...",Newsweek | 15h ago,https://www.newsweek.com/veterans-day-2018-deals-freebies-those-who-have-served-are-serving-1211944
12/11/2018,7,Seahawks vs Rams,200K+,"Rams vs. Seahawks odds, line: Top picks and predictions from expert who is 22 ...",CBSSports.com | 1d ago,https://www.cbssports.com/nfl/news/rams-vs-seahawks-odds-line-top-picks-and-predictions-from-expert-who-is-22-7-on-l-a-seattle-games/
12/11/2018,8,Raiders,200K+,Mark Davis takes blame for Raiders' 1-8 start: 'Buck stops with me',ESPN | 21h ago,http://www.espn.com/nfl/story/_/id/25252751/mark-davis-oakland-raiders-1-8-start-buck-stops-me
12/11/2018,9,People's Choice Awards,200K+,2018 People's Choice Awards: Complete winners list,ABC News | 14h ago,https://abcnews.go.com/GMA/Culture/2018-peoples-choice-awards-complete-winners-list/story?id=59138617
12/11/2018,10,Armistice Day,200K+,Armistice Day Celebrated Peace. That Peace Is Fraying.,Esquire.com | 15h ago,https://www.esquire.com/news-politics/politics/a25006037/armistice-day-veterans-day/
12/11/2018,11,Dan Crenshaw,200K+,Dan Crenshaw started the week as a punchline and ended it as a star. The real ...,Texas Tribune | 15h ago,https://www.texastribune.org/2018/11/12/meet-dan-crenshaw-new-texas-congressman-and-brief-snl-star/
12/11/2018,12,Dolphins vs Packers,200K+,"Packers: Positives, negatives from Week 10 vs. Dolphins",LomdardiAve | 6h ago,https://lombardiave.com/2018/11/12/packers-positives-negatives-week-10/
12/11/2018,14,Saints vs Bengals,200K+,Saints' offense erupts with five first-half TDs in win vs. Bengals,ESPN (blog) | 1d ago,http://www.espn.com/blog/new-orleans-saints/post/_/id/30894/saints-offense-erupts-with-five-first-half-touchdowns-vs-bengals
12/11/2018,15,Falcons vs Browns,100K+,What We Learned: Falcons vs. Browns,The Falcoholic | 13h ago,https://www.thefalcoholic.com/2018/11/12/18086264/what-we-learned-falcons-vs-browns
12/11/2018,16,Tom Herman,100K+,Former Ohio State assistant: Texas coach Tom Herman cheated on wife 'several ...,USA TODAY | 1d ago,https://www.usatoday.com/story/sports/ncaaf/2018/11/11/big-12-texas-coach-tom-herman-accused-adultery-former-ohio-state-coach/1972533002/
12/11/2018,17,Colts,100K+,"Colts Turn The Tide, Keep Andrew Luck Upright For Fourth Straight Game In Win ...",Colts.com | 10h ago,https://www.colts.com/news/colts-turn-the-tide-keep-andrew-luck-upright-for-fourth-straight-game-in-win-ove
12/11/2018,18,Barcelona,100K+,Real Betis's Barcelona tribute act is even better than the real thing,The Guardian (blog) | 14h ago,https://www.theguardian.com/football/blog/2018/nov/12/real-betiss-barcelona-tribute-act-is-even-better-than-the-real-thing
12/11/2018,19,Redskins vs Buccaneers,100K+,"Redskins vs. Buccaneers: Storylines, how to watch, and more",Riggo's Rag | 1d ago,https://riggosrag.com/2018/11/11/redskins-buccaneers-storylines-watch/
12/11/2018,20,Hillary Clinton,100K+,Here's why Hillary Clinton 4.0 is a terrible idea,CNN | 12h ago,https://www.cnn.com/2018/11/12/politics/hillary-clinton-2020-donald-trump/index.html
11/11/2018,1,Jimmy Butler,1M+,"Karl-Anthony Towns, Andrew Wiggins praise departing Jimmy Butler",ESPN | 1d ago,http://www.espn.com/nba/story/_/id/25249057/karl-anthony-towns-praises-departing-minnesota-timberwolves-teammate-jimmy-butler-one-hell-player
11/11/2018,2,CLEMSON FOOTBALL,500K+,Five things we learned from Clemson's win against Boston College,The State | 1d ago,https://www.thestate.com/sports/college/acc/clemson-university/article221499815.html
11/11/2018,3,Lakers vs Kings,200K+,Kings vs. Lakers Preview: This One Matters,Sactown Royalty | 2d ago,https://www.sactownroyalty.com/2018/11/10/18082138/kings-vs-lakers-preview-this-one-matters
11/11/2018,4,Veterans Day 2018 freebies,100K+,"Veterans Day 2018: All the sales, savings, and freebies vets can get",USA TODAY | 2d ago,https://www.usatoday.com/story/tech/reviewedcom/2018/11/10/veterans-day-2018-all-sales-savings-and-freebies-vets-can-get/38466107/
11/11/2018,5,Matt Barkley,100K+,"Bills, With Matt Barkley at Quarterback, Embarrass the Jets",New York Times | 1d ago,https://www.nytimes.com/2018/11/11/sports/buffalo-bills-matt-barkley-ny-jets.html
11/11/2018,6,Lil Wayne,100K+,"On 'SNL,' Lil Wayne And Future Address Consent",NPR | 1d ago,https://www.npr.org/2018/11/11/666679281/on-snl-lil-wayne-and-future-address-consent
11/11/2018,7,Teddy Geiger,100K+,Teddy Geiger and 'Schitt's Creek' star Emily Hampshire are engaged,USA TODAY | 2d ago,https://www.usatoday.com/story/life/people/2018/11/10/teddy-geiger-musician-and-schitts-creek-emily-hampshire-engaged/1957094002/
11/11/2018,8,Oklahoma football,100K+,Oklahoma vs. Oklahoma State score: No. 6 Sooners survive late score from ...,CBSSports.com | 2d ago,https://www.cbssports.com/college-football/news/oklahoma-vs-oklahoma-state-score-no-6-sooners-survive-late-score-from-cowboys-for-win-in-bedlam/
11/11/2018,9,Liev Schreiber,100K+,Saturday Night Live Recap: Liev Schreiber Has a Case of the Giggles,Vulture | 1d ago,https://www.vulture.com/2018/11/snl-recap-season-44-liev-schreiber-best-sketches.html
11/11/2018,10,Michigan vs Rutgers,100K+,Game Balls: Michigan vs Rutgers,Maize n Brew | 1d ago,https://www.maizenbrew.com/football/2018/11/11/18084864/game-balls-michigan-vs-rutgers
11/11/2018,11,Ohio State vs Mi State,100K+,"Ohio State vs. Michigan State RECAP, SCORE & STATS | College Football Week 11",NJ.com | 3d ago,https://www.nj.com/sports/index.ssf/2018/11/ohio_state_vs_michigan_state_time_tv_channel_lives.html
11/11/2018,12,Auburn vs Georgia,100K+,"Auburn vs. Georgia 2018 live stream: Time, TV channel, and how to watch online",SB Nation | 2d ago,https://www.sbnation.com/college-football/2018/11/10/18074436/georgia-auburn-2018-time-tv-schedule-watch-live-online-stream
11/11/2018,13,UFC Fight Night,50K+,"UFC Fight Night 139 Results: Winners, Bonuses, Highlights, Attendance And Gate",Forbes | 1d ago,https://www.forbes.com/sites/brianmazique/2018/11/11/ufc-fight-night-139-results-winners-bonuses-highlights-attendance-and-gate/
11/11/2018,14,Boca vs River,50K+,"Boca Juniors, River Plate share thrilling draw in Copa Libertadores final ...",ESPN | 1d ago,http://www.espn.com/soccer/report?gameId=528145
11/11/2018,15,Nets vs Warriors,50K+,"Nets vs. Warriors: LeVert, Russell, Allen Send Brooklyn Flying Into California ...",Brooklynnets.com | 2d ago,https://www.nba.com/nets/news/preview/2018/11/10/nets-vs-warriors-levert-russell-allen-send-brooklyn-flying-into-california-off-big-win
11/11/2018,16,Alabama vs Mississippi State,50K+,"Alabama vs. Mississippi State score, takeaways: No. 1 Tide notch second ...",CBSSports.com | 2d ago,https://www.cbssports.com/college-football/news/alabama-vs-mississippi-state-score-takeaways-no-1-tide-notch-second-straight-sec-west-shutout/
11/11/2018,17,Pitt Football,50K+,College Football Players of the Week: Qadree Ollison leads Pitt past Virginia Tech,CBSSports.com | 1d ago,https://www.cbssports.com/college-football/news/college-football-players-of-the-week-qadree-ollison-leads-pitt-past-virginia-tech/
11/11/2018,18,Justin Patton,50K+,Former Creighton star Justin Patton headed to 76ers in Jimmy Butler trade ...,KMTV - 3 News Now | 2d ago,https://www.3newsnow.com/omahasportsinsider/osi-college/osi-creighton/osi-creighton-mens-basketball/former-creighton-star-justin-patton-headed-to-76ers-in-jimmy-butler-trade-espn-reports
11/11/2018,19,Samsclub,50K+,Sam's Club Super November Sale Brings Black Friday Deals Now On Tons Of High ...,Hot Hardware | 2d ago,https://hothardware.com/news/sams-club-super-november-sale-brings-black-friday-deals-now-on-tons-of-high-tech-gear
11/11/2018,20,Wisconsin vs Penn State,50K+,"Wisconsin vs. Penn State RECAP, SCORE & STATS | College Football Week 11",NJ.com | 3d ago,https://www.nj.com/sports/index.ssf/2018/11/wisconsin_vs_penn_state_time_tv_channel_livestream.html
10/11/2018,1,Amanda Crowe artist,2M+,Who was Amanda Crowe? Google honors legendary Cherokee artist,Atlanta Journal Constitution | 3d ago,https://www.ajc.com/news/national/who-was-amanda-crowe-google-honors-legendary-cherokee-artist/92GgxN1Ld9FhShS1LUHzEK/
10/11/2018,2,Malibu Fire,1M+,"Firefighters brace for return of Santa Ana winds, 170000 Los Angeles residents ...",Curbed LA | 3d ago,https://la.curbed.com/2018/11/9/18079170/woolsey-evacuations-los-angeles-fire-ventura
10/11/2018,3,Dez Bryant,1M+,Dez Bryant likely faces 8-month recovery for torn Achilles,ESPN | 2d ago,http://www.espn.com/nfl/story/_/id/25233814/mri-confirms-torn-achilles-tendon-new-orleans-saints-receiver-dez-bryant
10/11/2018,4,Outlaw King,200K+,"Outlaw King Isn't Original, but It'll Do",Vanity Fair | 3d ago,https://www.vanityfair.com/hollywood/2018/11/outlaw-king-movie-review-chris-pine-netflix-braveheart
10/11/2018,5,Brenda Snipes,200K+,Whoops! Brenda Snipes' office mixed bad provisional ballots with good ones,Miami Herald | 3d ago,https://www.miamiherald.com/news/local/community/broward/article221452655.html
10/11/2018,6,air quality,200K+,Bad air quality from Camp Fire's smoke forces events in Sacramento to scrap plans,Sacramento Bee | 2d ago,https://www.sacbee.com/news/state/california/fires/article221486655.html
10/11/2018,7,Sinema,200K+,Sinema expands lead in Arizona Senate race,Politico | 3d ago,https://www.politico.com/story/2018/11/09/sinema-mcsally-arizona-senate-race-982562
10/11/2018,9,Malibu,100K+,En imágenes: el incendio forestal Woosley arrasa con las montañas ...,Univision | 3d ago,https://www.univision.com/noticias/incendios/en-imagenes-el-incendio-forestal-woosley-arrasa-con-las-montanas-de-malibu-california-fotos
10/11/2018,10,Marine Corps birthday,100K+,US Marine Corps birthday celebration in Fresno,KMPH Fox 26 | 1d ago,http://kmph.com/news/local/us-marine-corps-birthday-celebration-in-fresno
10/11/2018,11,Caitlyn Jenner,100K+,Caitlyn Jenner Is Safe After Evacuating Calif. Wildfire: 'Don't Know if the ...,PEOPLE.com | 3d ago,https://people.com/tv/caitlyn-jenner-safe-after-evacuating-california-wildfire/
10/11/2018,12,Boise State football,100K+,Boise State football shows Friday night fight in comeback win over No. 16 ...,Idaho Statesman | 2d ago,https://www.idahostatesman.com/sports/college/mountain-west/boise-state-university/boise-state-football/article221451075.html
10/11/2018,14,Kyrie Irving,100K+,Nuggets fan returns ball to Jamal Murray that Kyrie Irving threw into stands,USA TODAY | 3d ago,https://www.usatoday.com/story/sports/nba/nuggets/2018/11/09/nuggets-fan-returns-ball-jamal-murray-kyrie-irving/1953207002/
10/11/2018,17,April Ryan,50K+,April Ryan: I'm a black woman. Trump loves insulting people like me.,Washington Post | 2d ago,https://www.washingtonpost.com/outlook/2018/11/10/im-black-woman-white-house-reporter-trump-loves-insulting-people-like-me/
10/11/2018,19,Griffith Park fire,50K+,Brush fire in Griffith Park forces LA Zoo to evacuates some animals,USA TODAY | 3d ago,https://www.usatoday.com/story/news/nation-now/2018/11/09/griffith-park-fire-la-zoo-animal-evacuations-california/1944224002/
10/11/2018,20,Winnie Harlow,50K+,Winnie Harlow Just Became the First Model With Vitiligo to Walk in the VS ...,Health.com | 3d ago,https://www.health.com/condition/skin-conditions/winnie-harlow-vitiligo-vs-fashion-show
9/11/2018,1,Ian David Long,5M+,California gunman went on social media during bar attack: official,Chicago Sun-Times | 3d ago,https://chicago.suntimes.com/news/california-bar-shooting-ian-david-long-social-media/
9/11/2018,2,California Fires,2M+,"Death toll rises to 11, as 200000 flee fires in California; the worst in state ...",Washington Post | 2d ago,https://www.washingtonpost.com/nation/2018/11/10/trump-blames-gross-mismanagement-wildfires-leave-trail-death-destruction-california/
9/11/2018,4,shooting,2M+,"A singer, a veteran, a shooting survivor: These are the Thousand Oaks shooting ...",USA TODAY | 4d ago,https://www.usatoday.com/story/news/2018/11/08/thousand-oaks-shooting-victims/1932896002/
9/11/2018,6,Adam Housley,1M+,Adam Housley's niece killed in California bar shooting,Fox News | 4d ago,https://www.foxnews.com/us/adam-housleys-niece-killed-in-california-bar-shooting
9/11/2018,7,Ruth Bader Ginsburg,500K+,Ruth Bader Ginsburg Keeps Right on Working Despite Spending the Night in the ...,Inc.com | 3d ago,https://www.inc.com/minda-zetlin/ruth-bader-ginsburg-rbg-supreme-court-justice-broken-ribs-working-passion.html
9/11/2018,8,The Grinch,500K+,The new Grinch says 'sorry': Decoding the more sensitive Christmas villain ...,USA TODAY | 2d ago,https://www.usatoday.com/story/life/movies/2018/11/10/dr-seuss-grinch-goes-soft-benedict-cumberbatch/1935557002/
9/11/2018,9,Walmart Black Friday,500K+,Walmart's Black Friday 2018 Ad Has Nasty Surprises,Forbes | 3d ago,https://www.forbes.com/sites/gordonkelly/2018/11/09/walmart-black-friday-2018-ad-iphone-galaxy-hdtv-xbox-one-x-ps4-pro-samsung-4k-tv-sales/
9/11/2018,10,Warriors,500K+,"Steve Kerr says 'complacent' Warriors got hit in the mouth; Kevin Durant, Klay ...",CBSSports.com | 3d ago,https://www.cbssports.com/nba/news/steve-kerr-says-complacent-warriors-got-hit-in-the-mouth-kevin-durant-klay-thompson-praise-bucks-after-blowout/
9/11/2018,11,Gabrielle Union,200K+,"Dwyane Wade, Gabrielle Union-Wade welcome 'miracle baby' girl",ESPN | 4d ago,http://www.espn.com/nba/story/_/id/25218743/dwyane-wade-gabrielle-union-wade-welcome-miracle-baby-girl
9/11/2018,12,Overlord,200K+,"Overlord's goriest moments were as practical as possible, says director",Polygon | 2d ago,https://www.polygon.com/2018/11/10/18080540/overlord-special-effects-julius-avery-interview
9/11/2018,13,Tucker Carlson,200K+,Tucker Carlson on Mob Protest At Home: People Feel Like They Can't Say What ...,RealClearPolitics | 3d ago,https://www.realclearpolitics.com/video/2018/11/09/tucker_carlson_on_mob_protest_at_home_they_were_threatening_my_family_to_get_me_to_stop_talking.html
9/11/2018,14,Adriana Lima,200K+,Adriana Lima Is Retiring from Victoria's Secret After 20 Years: 'Thank You for ...,PEOPLE.com | 4d ago,https://people.com/style/adriana-lima-retiring-victorias-secret-walks-last-show/
9/11/2018,15,David Long,200K+,Thousand Oaks gunman had a history of angry outbursts,Washington Post | 3d ago,https://www.washingtonpost.com/national/thousand-oaks-gunman-had-a-history-of-angry-outbursts/2018/11/09/f3f15624-e458-11e8-ab2c-b31dcd53ca6b_story.html
9/11/2018,16,the Girl in the Spider's Web,200K+,"Lisbeth Salander returns in the limp, faux-feminist The Girl in the Spider's Web",Vox | 3d ago,https://www.vox.com/culture/2018/11/9/18069724/girl-in-spiders-web-review-lisbeth-salander-claire-foy
9/11/2018,17,Mass Shooting,200K+,Another Mass Shooting? 'Compassion Fatigue' Is A Natural Reaction,NPR | 3d ago,https://www.npr.org/sections/health-shots/2018/11/09/666150361/another-mass-shooting-compassion-fatigue-is-a-natural-reaction
9/11/2018,18,Cody Coffman,100K+,"Cody Coffman, 22, Thousand Oaks mass shooting victim, hoped to join the Army",San Bernardino County Sun | 4d ago,https://www.sbsun.com/2018/11/08/cody-coffman-22-killed-in-shooting-borderline-bar-and-grill-in-thousand-oaks/
9/11/2018,19,Europa League,100K+,SPORT,BBC Sport | 5d ago,https://www.bbc.co.uk/sport/football/46087323
9/11/2018,20,Pam Bondi,50K+,"Trump considering Christie, Bondi, Acosta for attorney general",CNN | 4d ago,https://www.cnn.com/2018/11/08/politics/chris-christie-pam-bondi-trump-attorney-general/index.html
8/11/2018,1,Election Day 2018,1M+,"Election highlights: DeWine wins, some familiar names lose, Dayton OKs ...",Dayton Daily News | 6d ago,https://www.daytondailynews.com/news/state--regional-govt--politics/things-watch-today-election/m2e8xRkBXwyN8K3INj0mAI/
8/11/2018,5,Diwali,200K+,Delhi pollution: Are Diwali fireworks to blame?,BBC News | 4d ago,https://www.bbc.com/news/world-46138064
8/11/2018,6,Dana Rohrabacher,200K+,Pro-Russia Dana Rohrabacher set to lose to Harley Rouda in California ...,USA TODAY | 5d ago,https://www.usatoday.com/story/news/politics/elections/2018/11/07/election-results-2018-dana-rohrabacher-harvey-rouda/1917374002/
8/11/2018,7,Nevada election,200K+,Dead Pimp Dennis Hof Cruises to Victory in Nevada State Election,New York Times | 5d ago,https://www.nytimes.com/2018/11/07/us/politics/dennis-hof-dead-pimp-nevada.html
8/11/2018,9,Juventus,200K+,Manchester United vs. Juventus score: Mourinho's squad overcomes Ronaldo's ...,CBSSports.com | 5d ago,https://www.cbssports.com/soccer/news/manchester-united-vs-juventus-score-mourinhos-squad-overcomes-ronaldos-opener-to-stun-champions-league-favorites/
8/11/2018,11,Utah Election results,100K+,"Election results on residential projects in Holladay, Orem have advocates ...",Salt Lake Tribune | 5d ago,https://www.sltrib.com/news/2018/11/07/election-results
8/11/2018,12,Lucy McBath,100K+,Lucy McBath Wins Georgia Congressional Race Against Karen Handel,New York Times | 4d ago,https://www.nytimes.com/2018/11/08/us/politics/lucy-mcbath-georgia.html
8/11/2018,13,Mia Love,100K+,"Ben McAdams widens lead a bit over Mia Love as Governor, Lt. Gov. rip Utah ...",Salt Lake Tribune | 4d ago,https://www.sltrib.com/news/politics/2018/11/08/governor-lt-gov-rip-utah/
8/11/2018,14,Rashida Tlaib,100K+,"Meet Rashida Tlaib and Ilhan Omar, the first Muslim women elected to Congress",CNBC | 5d ago,https://www.cnbc.com/2018/11/07/rashida-tlaib-ilhan-omar-are-the-1st-muslim-women-elected-to-congress.html
8/11/2018,15,Timberwolves vs Lakers,100K+,"LeBron James, Lakers win another nail-biter, hold off Derrick Rose, Timberwolves",USA TODAY | 5d ago,https://www.usatoday.com/story/sports/columnist/martin-rogers/2018/11/08/lebron-james-lakers-timberwolves-jimmy-butler/1927551002/
8/11/2018,16,Trump press conference,100K+,Fact-checking Trump's combative press conference,CNN | 4d ago,https://www.cnn.com/2018/11/08/politics/fact-check-trump-press-conference/index.html
8/11/2018,17,Billie Eilish,100K+,"Billie Eilish Is 16, and She's Ready to Rule the Youth",The Ringer (blog) | 5d ago,https://www.theringer.com/music/2018/11/7/18071598/billie-eilish-when-the-partys-over-review
8/11/2018,18,Maine election 2018,100K+,Sen. Collins reacts to Maine's 2018 election results,NewsCenterMaine.com WCSH-WLBZ | 5d ago,https://www.newscentermaine.com/mobile/article/news/politics/voice-of-the-voter/sen-collins-reacts-to-maines-2018-election-results/97-612288783
8/11/2018,19,Breaking Bad Movie,100K+,Bryan Cranston confirms 'Breaking Bad' movie happening,CNN | 4d ago,https://www.cnn.com/2018/11/08/entertainment/bryan-cranston-breaking-bad-movie/index.html
8/11/2018,20,Bryce Harper,100K+,Nationals' offer to Bryce Harper was biggest free agent deal in US sports ...,Washington Post | 5d ago,https://www.washingtonpost.com/sports/2018/11/07/nationals-offer-bryce-harper-was-biggest-free-agent-deal-us-sports-history-what-now/
7/11/2018,1,Stacey Abrams,5M+,Abrams campaign: We don't accept Kemp declaring himself the winner in Georgia ...,CNN | 5d ago,https://www.cnn.com/2018/11/07/politics/stacey-abrams-brian-kemp-georgia-governors-race/index.html
7/11/2018,2,Beto O'Rourke,5M+,Trending: Beto O'Rourke could've used that Beyonce endorsement a bit earlier.,Washington Post | 5d ago,https://www.washingtonpost.com/express/2018/11/08/trending-beto-orourke-couldve-used-that-beyonce-endorsement-bit-earlier/
7/11/2018,3,midterm elections,5M+,How results of midterm elections will impact your money and 401(k),USA TODAY | 5d ago,https://www.usatoday.com/story/money/2018/11/08/midterm-election-stock-market-impact/1920273002/
7/11/2018,4,Andrew Gillum,2M+,This is why Andrew Gillum lost the Florida governor race to Ron DeSantis,USA TODAY | 5d ago,https://www.usatoday.com/story/news/politics/elections/2018/11/07/florida-governor-face-why-andrew-gillum-lost-ron-desantis/1925307002/
7/11/2018,5,US Senate election Results,2M+,Republicans Hold the Senate: All the Key Results,New York Magazine | 6d ago,http://nymag.com/intelligencer/2018/11/2018-us-senate-midterm-election-results.html
7/11/2018,6,Jeff Sessions,2M+,What Sessions' firing means for the Mueller investigation,CNN | 4d ago,https://www.cnn.com/2018/11/08/politics/what-does-sessions-firing-mean-for-mueller/index.html
7/11/2018,7,Voting results,2M+,Election results in Florida and Georgia prompt soul-searching for African ...,Washington Post | 5d ago,https://www.washingtonpost.com/politics/election-results-in-florida-and-georgia-prompt-soul-searching-for-african-americans/2018/11/07/c27e7c40-5ae5-11e8-858f-12becb4d6067_story.html
7/11/2018,8,CNN,2M+,White House pulls CNN reporter Jim Acosta's pass after contentious news conference,CNN | 5d ago,https://www.cnn.com/2018/11/07/media/trump-cnn-press-conference/index.html
7/11/2018,9,Scott Walker,2M+,How the Democrats finally defeated Wisconsin Gov. Scott Walker,Washington Post | 5d ago,https://www.washingtonpost.com/politics/how-the-democrats-finally-defeated-wisconsin-gov-scott-walker/2018/11/07/3377ed17-9cbe-4537-8b2a-acd0c37a8d35_story.html
7/11/2018,10,Arizona Senate race,2M+,Democrat Kyrsten Sinema pulls ahead in Arizona Senate race,Vox | 4d ago,https://www.vox.com/2018/11/8/18075478/midterm-elections-arizona-vote-count-mcsally-sinema
7/11/2018,11,California election results,2M+,"Election results 2018: Proposition 6 gas tax repeal crashes, burns [Updated]",Curbed SF | 5d ago,https://sf.curbed.com/2018/11/7/18071282/election-night-2018-california-prop-6-gas-tax-repeal-rejected
7/11/2018,12,Republican Party,1M+,The Republican Party Goes All-in on Trumpism,The Atlantic | 5d ago,https://www.theatlantic.com/politics/archive/2018/11/republicans-will-double-down-trumpism-after-2018/575155/
7/11/2018,13,Democratic Party,1M+,Congressional candidates sharply criticize AL Democratic Party,WSFA | 5d ago,http://www.wsfa.com/2018/11/08/congressional-candidates-sharply-criticize-al-democratic-party/
7/11/2018,14,Florida Senate race,1M+,Bill Nelson presses ahead with recount in Florida Senate race,Tallahassee.com | 5d ago,https://www.tallahassee.com/story/news/2018/11/07/election-results-rick-scott-recount/1927003002/
7/11/2018,17,Alexandria Ocasio-Cortez,500K+,Alexandria Ocasio-Cortez Will Push Washington. Will Washington Push Back?,New York Times | 5d ago,https://www.nytimes.com/2018/11/07/nyregion/ocasio-cortez-congress-washington.html
7/11/2018,18,JB Pritzker,500K+,Illinois Governor-elect JB Pritzker talks about priorities in one-on-one interview,WLS-TV | 5d ago,https://abc7chicago.com/politics/jb-pritzker-talks-about-his-priorities-after-elected-as-illinois-next-governor/4637776/
7/11/2018,19,Montana Senate race,500K+,Jon Tester projected to defeat Matt Rosendale in Montana Senate race,Fox News | 5d ago,https://www.foxnews.com/politics/jon-tester-projected-to-defeat-matt-rosendale-in-montana-senate-race
7/11/2018,20,Where Do I vote,500K+,Where Is My Polling Place? Answers to Common Election Day Questions,New York Times | 6d ago,https://www.nytimes.com/2018/11/06/us/politics/voting-questions.html
6/11/2018,1,Election results,10M+,"Election results: Red states get redder, blue districts bluer, the partisan ...",USA TODAY | 5d ago,https://www.usatoday.com/story/news/politics/elections/2018/11/07/election-results-trump-partisanship-republicans-democrats-divide/1918468002/
6/11/2018,2,where Do I vote #Electionday,10M+,"How Google, Apple, Facebook and other tech companies are getting out the vote ...",CNBC | 6d ago,https://www.cnbc.com/2018/11/06/google-facebook-and-twitter-election-day-get-out-the-vote-efforts.html
6/11/2018,3,Where to Vote,2M+,"Voter Guide: How, When and Where to Vote on Tuesday",New York Times | 1w ago,https://www.nytimes.com/2018/11/05/us/politics/midterm-elections-voting-guide.html
6/11/2018,4,Fox News,2M+,Fox News Has Highest-Rated Midterm Coverage In Cable News History,Forbes | 5d ago,https://www.forbes.com/sites/markjoyella/2018/11/07/fox-news-has-highest-rated-midterm-coverage-in-cable-news-history/
6/11/2018,7,Ted Cruz,1M+,Where Ted Cruz's close victory over Beto O'Rourke stands among Texas ...,Texas Tribune | 5d ago,https://www.texastribune.org/2018/11/07/ted-cruz-beto-orourke-texas-history-election-results/
6/11/2018,8,Midterm elections 2018,500K+,Midterm elections 2018: When are the next US elections?,Express.co.uk | 5d ago,https://www.express.co.uk/news/world/1042436/Midterm-elections-2018-when-are-next-US-elections-2020-presidential-election
6/11/2018,9,Gavin Newsom,500K+,Gavin Newsom Elected Governor of California,New York Times | 6d ago,https://www.nytimes.com/2018/11/07/us/california-midterms-election.html
6/11/2018,10,Am I Registered to Vote,500K+,Where Is My Polling Place? Answers to Common Election Day Questions,New York Times | 6d ago,https://www.nytimes.com/2018/11/06/us/politics/voting-questions.html
6/11/2018,12,Fentanyl,200K+,"Fentanyl: Drug That Killed Mac Miller, Prince and Tom Petty Has Long History ...",PEOPLE.com | 1w ago,https://people.com/music/fentanyl-drug-that-killed-prince-has-long-history-of-abuse/
6/11/2018,13,vote,200K+,"Broken machines, rejected ballots and long lines: voting problems emerge as ...",Washington Post | 6d ago,https://www.washingtonpost.com/politics/broken-machines-rejected-ballots-and-long-lines-voting-problems-emerge-as-americans-go-to-the-polls/2018/11/06/ffd11e52-dfa8-11e8-b3f0-62607289efee_story.html
6/11/2018,14,Brian Kemp,200K+,"Brian Kemp, ahead in vote count in Georgia, says 'victory is near'",Washington Post | 5d ago,https://www.washingtonpost.com/politics/2018/live-updates/midterms/midterm-election-updates/brian-kemp-ahead-in-vote-count-in-georgia-says-victory-is-near/
6/11/2018,15,Election Day,200K+,"Election Day 2018: Tracking Results For The House, Senate And Governor's Mansions",Forbes | 6d ago,https://www.forbes.com/sites/alexknapp/2018/11/06/election-day-2018-tracking-results-for-the-house-senate-and-governors-mansions/
6/11/2018,17,Champions League,200K+,5 Talking Points From Matchday 4 Of The UEFA Champions League,Forbes | 5d ago,https://www.forbes.com/sites/cybrown/2018/11/07/5-talking-points-from-matchday-4-of-the-uefa-champions-league/
6/11/2018,18,Dianne Feinstein,200K+,California returns Dianne Feinstein to another Senate term,Santa Rosa Press Democrat | 5d ago,https://www.pressdemocrat.com/news/8924445-181/california-returns-dianne-feinstein-to
6/11/2018,19,voting,200K+,Florida restores voting rights to more than 1 million felons,CNN | 5d ago,https://www.cnn.com/2018/11/07/politics/florida-felons-voting-rights/index.html
6/11/2018,20,Dónde votar,200K+,"Why it matters that 'Donde votar,' Spanish for 'Where to vote,' was Google's ...",ABC News | 6d ago,https://abcnews.go.com/Politics/matters-donde-votar-spanish-vote-googles-top-search/story?id=59003457
5/11/2018,2,Saints,1M+,Saints and Rams show off the best the NFL has to offer,Washington Post | 1w ago,https://www.washingtonpost.com/sports/saints-and-rams-show-off-the-best-the-nfl-has-to-offer/2018/11/04/f95d6b44-e060-11e8-b759-3d88a5ce9e19_story.html
5/11/2018,3,Where Do I Vote,500K+,Where Do I Vote? Am I Registered? Answers to Common Election Day Questions,New York Times | 6d ago,https://www.nytimes.com/2018/11/06/us/politics/voting-questions.html
5/11/2018,4,Midterm elections,500K+,"Election night viewers' guide: How the midterms will unfold, hour by hour",CNN | 6d ago,https://www.cnn.com/2018/11/06/politics/midterm-election-night-viewers-guide/index.html
5/11/2018,5,The Walking Dead,500K+,Wait That Was Maggie's Last Episode Of 'The Walking Dead' Also?,Forbes | 1w ago,https://www.forbes.com/sites/erikkain/2018/11/05/forget-rick-grimes-this-is-the-walking-dead-departure-im-upset-about/
5/11/2018,6,Pete Davidson,500K+,"Pete Davidson faces fallout over war-wound joke, but he need not apologize to ...",Pittsburgh Post-Gazette | 1w ago,http://www.post-gazette.com/ae/tv-radio/2018/11/05/Pete-Davidson-Dan-Crenshaw-Saturday-Night-Live-eye-patch-joke-fallout/stories/201811050131
5/11/2018,7,Michigan football,500K+,"Michigan football visits Rutgers next — there's no way it loses, right?",Detroit Free Press | 1w ago,https://www.freep.com/story/sports/college/university-michigan/wolverines/2018/11/04/michigan-football-rutgers/1883260002/
5/11/2018,8,Texans,500K+,"Monday's Texans takeaways: Dramatic turnaround, an improved Deshaun Watson and ...",Houston Chronicle | 1w ago,https://www.houstonchronicle.com/sports/texas-sports-nation/texans/article/Monday-s-Texans-takeaways-Dramatic-turnaround-13364116.php
5/11/2018,9,Mac Miller,200K+,"Mac Miller died of an accidental overdose, coroner finds",CNN | 1w ago,https://www.cnn.com/2018/11/05/entertainment/mac-miller-cause-of-death/index.html
5/11/2018,12,Buffalo Bills,200K+,Bills continue to defy the odds and get worse and worse on offense,Rochester Democrat and Chronicle | 1w ago,https://www.democratandchronicle.com/story/sports/football/nfl/bills/2018/11/05/buffalo-bills-offense-worst-nfl-nathan-peterman-lesean-mccoy/1893129002/
5/11/2018,13,Floyd Mayweather,200K+,Floyd Mayweather to make Rizin debut in December,ESPN | 1w ago,http://www.espn.com/boxing/story/_/id/25181251/floyd-mayweather-schedules-bout-rizin-fighting-federation
5/11/2018,14,The Breakthrough Prize,200K+,"The Breakthrough Prizes Have Money, but They Need Diversity Too",WIRED | 1w ago,https://www.wired.com/story/to-shake-up-science-the-breakthrough-prizes-need-more-than-money/
5/11/2018,15,Chargers,200K+,Chargers release struggling kicker Caleb Sturgis,ESPN | 1w ago,http://www.espn.com/nfl/story/_/id/25186350/los-angeles-chargers-release-kicker-caleb-sturgis
5/11/2018,16,Angela Simmons,200K+,'Growing Up Hip Hop' star Angela Simmons' ex-boyfriend Sutton Tennyson killed ...,USA TODAY | 1w ago,https://www.usatoday.com/story/life/people/2018/11/04/angela-simmons-ex-boyfriend-sutton-tennyson-killed-im-numb/1885600002/
5/11/2018,17,Miami Dolphins,200K+,Dolphins safety Reshad Jones pulled himself from Jets game,ESPN | 1w ago,http://www.espn.com/nfl/story/_/id/25179530/miami-dolphins-safety-reshad-jones-pulled-game-vs-new-york-jets
5/11/2018,18,Bohemian Rhapsody movie,200K+,"Review: In “Bohemian Rhapsody,” Freddie Mercury Is More Interesting Than His Music",The New Yorker | 1w ago,https://www.newyorker.com/culture/the-front-row/review-in-bohemian-rhapsody-freddie-mercury-is-more-interesting-than-his-music
5/11/2018,19,Maggie Rogers,200K+,"For Her 'SNL' Debut, Maggie Rogers Performs 'Light On' And 'Fallingwater'",NPR | 1w ago,https://www.npr.org/2018/11/04/663032124/for-her-snl-debut-maggie-rogers-performs-light-on-and-fallingwater
5/11/2018,20,Black Friday Deals 2018,200K+,Costco's Black Friday 2018 Ad Arrives With These 5 Outstanding Tech Deals,Fortune | 1w ago,http://fortune.com/2018/11/05/costco-black-friday-2018-deals/
4/11/2018,1,Daylight Saving 2018,2M+,"Daylight saving time 2018: How it affects your sleep, and tips to adjust to ...",ABC News | 1w ago,https://abcnews.go.com/Health/daylight-saving-time-2018-affects-sleep-tips-adjust/story?id=58922636
4/11/2018,2,Alabama Football,2M+,All Hail Our Alabama Football Overlords,Wall Street Journal | 1w ago,https://www.wsj.com/articles/all-hail-our-alabama-football-overlords-1541349381
4/11/2018,3,UFC 230,1M+,"UFC 230 Results: Winners, Bonuses, Twitter Reaction And Highlights",Forbes | 1w ago,https://www.forbes.com/sites/brianmazique/2018/11/03/ufc-230-live-results-winners-bonuses-twitter-reaction-and-highlights/
4/11/2018,4,Ariana Grande,500K+,"Ariana Grande drops song about her exes, and Pete Davidson addresses break up ...",CNN | 1w ago,https://www.cnn.com/2018/11/04/entertainment/ariana-grande-thank-you-next-song/index.html
4/11/2018,5,What time Is It,500K+,Like clockwork: How daylight saving time stumps hospital record keeping,USA TODAY | 1w ago,https://www.usatoday.com/story/news/health/2018/11/03/daylight-saving-time-hospital-electronic-medical-records-emergency-fall-back/1864579002/
4/11/2018,6,NYC Marathon,200K+,2018 New York City Marathon Photos,New York Times | 1w ago,https://www.nytimes.com/2018/11/04/sports/nyc-marathon-photos.html
4/11/2018,8,Thank u next,200K+,"Ariana Grande's 'Thank u, next' is the latest breakup song to preach the ...",Washington Post | 1w ago,https://www.washingtonpost.com/lifestyle/2018/11/05/ariana-grandes-thank-u-next-is-latest-breakup-song-preach-importance-self-love/
4/11/2018,9,Tallahassee shooting,200K+,Man who had been accused of groping opens fire on Tallahassee yoga class ...,Washington Post | 1w ago,https://www.washingtonpost.com/nation/2018/11/03/man-with-groping-history-opens-fire-tallahassee-yoga-class-killing-two-police-say/
4/11/2018,10,WVU football,200K+,"WVU football notebook: 'Experienced, mature' Mountaineers found a way to win ...",Charleston Gazette-Mail | 1w ago,https://www.wvgazettemail.com/wvu-football-notebook-experienced-mature-mountaineers-found-a-way-to/article_620dbda4-9591-5e9b-aa56-7b10c27d5ade.html
4/11/2018,11,Roy Hargrove,100K+,"Roy Hargrove, Grammy-Winning Jazz Trumpeter, Dies At 49",NPR | 1w ago,https://www.npr.org/2018/11/03/663895387/roy-hargrove-grammy-winning-jazz-trumpeter-dies-at-49
4/11/2018,12,Lakers vs Trail Blazers,100K+,"Lakers vs. Trail Blazers odds, pick: Predictions on gambling spread, over ...",CBSSports.com | 1w ago,https://www.cbssports.com/nba/news/lakers-vs-trail-blazers-odds-pick-predictions-on-gambling-spread-overunder-total-points-looks-like-safest-play/
4/11/2018,13,Kavanaugh,100K+,Trump on false Kavanaugh accusation: 'How about the other ones?',The Hill | 1w ago,https://thehill.com/homenews/administration/414802-trump-on-false-kavanaugh-accusation-how-about-the-other-ones
4/11/2018,14,Real Madrid,100K+,Vinicius Jr. makes difference as Real Madrid win in Solari's La Liga debut,ESPN | 1w ago,http://www.espn.com/soccer/report?gameId=521820
4/11/2018,15,Tyson Chandler,100K+,"Tyson Chandler bought out by Suns, plans to sign with Lakers",ESPN | 1w ago,http://www.espn.com/espnw/sports/article/25168538/tyson-chandler-bought-phoenix-suns-eyes-los-angeles-lakers
4/11/2018,16,Arsenal,100K+,Xhaka confident Arsenal will finish in top four,Goal.com | 1w ago,https://www.goal.com/en/news/xhaka-confident-arsenal-will-finish-in-top-four/s37hc3ez7rvvz8qsn8foigq3
4/11/2018,18,Devin White,100K+,Watch as LSU's Devin White is 'freed' for second half against Alabama at Tiger ...,The Advocate | 1w ago,https://www.theadvocate.com/baton_rouge/sports/lsu/article_95397ffc-dfd6-11e8-b3a1-8f46aeb949bc.html
4/11/2018,19,Sam Bradford,50K+,Arizona Cardinals release benched quarterback Sam Bradford,ESPN | 1w ago,http://www.espn.com/nfl/story/_/id/25167705/arizona-cardinals-release-benched-quarterback-sam-bradford
4/11/2018,20,Bruce Irvin,50K+,Raiders release highest-paid defensive player Bruce Irvin after role ...,CBSSports.com | 1w ago,https://www.cbssports.com/nfl/news/raiders-reportedly-release-highest-paid-defensive-player-bruce-irvin-after-role-diminishes-in-2018/
3/11/2018,1,LSU vs Alabama,1M+,Alabama Delivers a Sobering Reminder of Its Dominance With Beatdown of LSU,Sports Illustrated | 1w ago,https://www.si.com/college-football/2018/11/03/alabama-lsu-score-tua-tagovailoa-devin-white
3/11/2018,2,Alec Baldwin,200K+,How Saturday Night Live Addressed Alec Baldwin's Arrest and Pete Davidson's ...,Vanity Fair | 1w ago,https://www.vanityfair.com/hollywood/2018/11/saturday-night-live-alec-baldwin-arrest-joke
3/11/2018,4,Overwatch,200K+,"Here's what we know about Echo, one of Overwatch's future heroes",Heroes Never Die | 1w ago,https://www.heroesneverdie.com/2018/11/3/18059224/overwatch-echo-hero-blizzcon
3/11/2018,5,WWE Crown Jewel,100K+,"WWE Crown Jewel 2018 Review: WWE Ditches Saudi Propaganda, Delivers Shameless ...",Forbes | 1w ago,https://www.forbes.com/sites/alfredkonuwa/2018/11/03/wwe-crown-jewel-2018-review-wwe-ditches-saudi-propaganda-delivers-shameless-ppv-on-its-own-merits/
3/11/2018,6,House of Cards,100K+,House of Cards Show Runners Spill the Details on Those Crazy Character Deaths,Vanity Fair | 1w ago,https://www.vanityfair.com/hollywood/2018/11/house-of-cards-show-runners-finale-spoilers
3/11/2018,8,Destiny 2,100K+,How To Download 'Destiny 2' For Free Right Now,Forbes | 1w ago,https://www.forbes.com/sites/davidthier/2018/11/02/how-to-download-destiny-2-for-free-right-now-and-keep-it-forever/
3/11/2018,9,Timberwolves vs Warriors,100K+,LeBron James a big fan of Warriors' ball movement vs. Timberwolves,NBCSports.com | 1w ago,https://www.nbcsports.com/bayarea/warriors/lebron-james-big-fan-warriors-ball-movement-vs-timberwolves
3/11/2018,10,Five Feet Apart,100K+,"The ""Five Feet Apart"" Trailer Featuring Cole Sprouse and Haley Lu Richardson ...",TeenVogue.com | 1w ago,https://www.teenvogue.com/story/five-feet-apart-trailer-cole-sprouse-haley-lu-richardson
3/11/2018,11,Tornado Warning,100K+,Severe Storm Sparks Tornado Warnings for 9 Pa. and NJ Counties; Flash Flooding ...,NBC 10 Philadelphia | 1w ago,https://www.nbcphiladelphia.com/weather/Tornado-Warning-Issued-for-Parts-of-Berks-Chester-and-Montgomery-Counties-499471141.html
3/11/2018,12,Justin Timberlake,50K+,"Who knows Justin Timberlake better, wife Jessica Biel or BFF Jimmy Fallon?",USA TODAY | 1w ago,https://www.usatoday.com/story/life/entertainthis/2018/11/02/jimmy-fallon-jessica-biel-test-their-justin-timberlake-knowledge/1858026002/
3/11/2018,13,admonished,50K+,Magic Johnson reportedly 'admonished' Lakers coach Luke Walton for the Lakers ...,Business Insider | 1w ago,https://www.businessinsider.com/lakers-magic-johnson-luke-walton-meeting-slow-start-2018-11
3/11/2018,14,Carnival,50K+,Passengers panicked after Carnival cruise ship tips,fox8.com | 1w ago,https://fox8.com/2018/11/03/passengers-panicked-after-carnival-cruise-ship-tips-over/
3/11/2018,15,James Charles,50K+,James Charles Launches His First-Ever Makeup Collection,Entertainment Tonight | 1w ago,https://www.etonline.com/james-charles-launches-his-first-ever-makeup-collection-112890
3/11/2018,17,Brian May,50K+,Brian May saving hedgehogs from being burnt alive on Bonfire Night,Express.co.uk | 1w ago,https://www.express.co.uk/news/nature/1040002/Brian-May-saving-hedgehogs-on-Bonfire-Night
3/11/2018,18,Post Malone Crocs,50K+,Post Malone's Crocs Collaboration Has Already Sold Out,Billboard | 1w ago,https://www.billboard.com/articles/columns/hip-hop/8482957/post-malones-crocs-collaboration-sells-out
3/11/2018,19,Barbra Streisand,50K+,"Barbra Streisand Says She Has to ""Play Games"" Before Sleeping Because of Trump",Hollywood Reporter | 1w ago,https://www.hollywoodreporter.com/live-feed/barbra-streisand-has-play-games-before-sleeping-because-trump-1157893
3/11/2018,20,Clayton Kershaw,50K+,"Dodgers, Clayton Kershaw agree on three-year, $93 million contract extension",Washington Post | 1w ago,https://www.washingtonpost.com/sports/2018/11/02/dodgers-clayton-kershaw-agree-three-year-million-contract-extension/
